parameter_name,expanded_key,audience_reserve_final_range,treasury_runway_epochs_range,final_amm_price_range,data_asset_value_final_range
n_epochs,,5372886.59138814,9995.98667824418,0.035273818574657084,301492.72627717233
random_seed,,0.0,0.0,0.0,0.0
repetitions,,0.0,0.0,0.0,0.0
initial_viewers,,0.0006037354469299316,0.0,2.622898898074766e-09,0.03760240226984024
adoption_profile,,0.0,0.0,0.0,0.0
creator_population,,0.0,0.0,0.0,0.0
validator_population,,0.0,0.0,0.0,0.0
creator_sell_propensity,,147.64313207939267,0.0,0.0009167146115571928,13152.076092148898
validator_sell_propensity,,116.97273235023022,0.0,0.0009335992043079111,13381.807382652536
claim_rate_by_cohort,passive_viewers,0.15752821788191795,0.0,1.5976534664674524e-08,0.21341309905983508
claim_rate_by_cohort,active_viewers,0.8539506308734417,0.0,1.3741090545693613e-06,19.626987371360883
claim_rate_by_cohort,power_users,2455.379561647773,0.0,5.178951319263769e-05,988.42834945512
claim_rate_by_cohort,adversarial_whales,0.0,0.0,0.0,0.0
verification_pass_rate_by_cohort,passive_viewers,0.0,0.0,0.0,0.0
verification_pass_rate_by_cohort,active_viewers,0.0,0.0,0.0,0.0
verification_pass_rate_by_cohort,power_users,0.0,0.0,0.0,0.0
verification_pass_rate_by_cohort,adversarial_whales,0.0,0.0,0.0,0.0
acr_issue_rate_by_cohort,passive_viewers,0.0,0.0,0.0,0.0
acr_issue_rate_by_cohort,active_viewers,0.0,0.0,0.0,0.0
acr_issue_rate_by_cohort,power_users,0.0,0.0,0.0,0.0
acr_issue_rate_by_cohort,adversarial_whales,0.0,0.0,0.0,0.0
ongoing_acr_issue_rate_by_cohort,passive_viewers,0.0,0.0,0.0,0.0
ongoing_acr_issue_rate_by_cohort,active_viewers,0.0,0.0,0.0,0.0
ongoing_acr_issue_rate_by_cohort,power_users,0.0,0.0,0.0,0.0
ongoing_acr_issue_rate_by_cohort,adversarial_whales,0.0,0.0,0.0,0.0
vesting_lag_epochs,,6327.7939632143825,0.0,1.3335384449045251e-05,731.7431199406274
vesting_sub_cohort_phases,,3330.5393794327974,0.0,1.6458699661769938e-06,314.5757617489435
acr_epoch_budget,,427286.4444725979,0.0,0.0017865850334435746,39978.83417629637
pcs_tenure_weight,,16824.487203655764,0.0,0.0007827120741103616,11517.165862193797
pcs_activity_weight,,21361.377316152677,0.0,0.0008227722491686434,11533.301972944522
pcs_referral_weight,,7399.956358175725,0.0,0.00083985286191747,11795.732367075514
pcs_diversity_weight,,7751.271009486169,0.0,0.0008213142499960552,11360.423880169168
pcs_action_cap,,3562.7404043693095,0.0,7.94405673343046e-05,1495.842126237927
pcs_ml_anomaly_gamma,,47235.2076201085,0.0,0.0008633842597462332,15410.67216399638
pcs_calibration_factor,,491183.2423256263,9997.532889711685,0.002072990984327394,62263.272058925824
pagerank_cap,,2378.381025221199,0.0,0.0006361434576908492,9364.862920695683
cohort_referral_scores,passive_viewers,2.9611382726579905,0.0,3.003182520167069e-07,4.011623120633885
cohort_referral_scores,active_viewers,80.64858552068472,0.0,3.700379251500574e-06,50.93778272997588
cohort_referral_scores,power_users,2378.381025221199,0.0,0.0006361434576908492,9364.862920695683
cohort_referral_scores,adversarial_whales,12.742401279509068,0.0,4.799803461394414e-06,70.10053925891407
cohort_diversity_scores,passive_viewers,1.4765527788549662,0.0,1.4975202153322265e-07,2.0003737292718142
cohort_diversity_scores,active_viewers,79.66208579950035,0.0,2.466470423498346e-06,41.8087722172495
cohort_diversity_scores,power_users,2456.2613782081753,0.0,5.176351912072885e-05,988.0596398191992
cohort_diversity_scores,adversarial_whales,12.719944845885038,0.0,3.5465298939274525e-06,52.1310961432755
bas_lambda,,0.0,0.0,0.0,0.0
velocity_scale,,0.0,0.0,0.0,0.0
tier_sr_modifiers,Bronze,0.0,0.0,0.0,0.0
tier_sr_modifiers,Silver,12914.889652764425,0.0,0.0008412195972560405,11914.594574933872
tier_sr_modifiers,Gold,36929.6953840144,0.0,0.0008845761068151103,12407.640442612348
tier_sr_modifiers,Platinum,432743.35079198517,0.0,0.00200068003857376,35564.707733071875
tier_thresholds_pcs,Bronze,0.0,0.0,0.0,0.0
tier_thresholds_pcs,Silver,0.0,0.0,0.0,0.0
tier_thresholds_pcs,Gold,10438.172412304208,0.0,0.0008453593271268017,11774.88659513439
tier_thresholds_pcs,Platinum,29177.213764276356,0.0,0.0009583305735486602,13420.551300700055
tier_min_tenure_epochs,Bronze,0.0,0.0,0.0,0.0
tier_min_tenure_epochs,Silver,8119.758724937215,0.0,0.0007265866918854391,11239.210323940031
tier_min_tenure_epochs,Gold,6269.029923990369,0.0,0.0008367941111234872,11690.627790689468
tier_min_tenure_epochs,Platinum,7262.255340952426,0.0,0.0007415100141551084,11370.390448696911
tier_budget_allocations,Bronze,16460.864595349878,0.0,0.000853151428534954,12261.783461629646
tier_budget_allocations,Silver,14728.736922994256,0.0,0.0008520880724922492,12210.479470604332
tier_budget_allocations,Gold,37170.73641040176,0.0,0.0007913681062505645,12591.356051641982
tier_budget_allocations,Platinum,434880.1828369722,0.0,0.001934937740659462,38987.974450815
settle_propensity_by_cohort,passive_viewers,0.0,0.0,0.0,0.0
settle_propensity_by_cohort,active_viewers,0.0,0.0,0.0,0.0
settle_propensity_by_cohort,power_users,0.0,0.0,0.0,0.0
settle_propensity_by_cohort,adversarial_whales,0.0,0.0,0.0,0.0
settlement_ratio,,427286.4444725979,0.0,0.0017865850334430472,39978.83417629637
settlement_cap_per_epoch,,0.0,0.0,0.0,0.0
utility_spend_rate_by_cohort,passive_viewers,23.352106077596545,0.0,0.0009295930254059198,13335.434094665572
utility_spend_rate_by_cohort,active_viewers,4.551959099248052,0.0,8.382439466833591e-05,1202.0625123230275
utility_spend_rate_by_cohort,power_users,2435.215832369402,0.0,1.6032767556184435e-05,417.513695738744
utility_spend_rate_by_cohort,adversarial_whales,29.74973565340042,0.0,0.00024272477083243926,3479.0656931216363
utility_fee_share,,76.06392019800842,0.0,0.0008546356342068878,12257.520888119936
utility_burn_share,,11.111599760130048,0.0,0.00017164442201596242,2462.923421873944
brand_inflow_per_epoch,,0.0,0.0,0.0,0.0
treasury_topup_threshold_ratio,,8582477.127726663,0.0,0.04743954121415114,548974.4262818829
treasury_topup_target_ratio,,504792.45303577185,9996.763015549619,0.006124508425093322,44826.35223019146
treasury_topup_cap_ratio_per_epoch,,443521.4676090628,9995.362001020992,0.0007987510069750736,35958.383599597495
throttle_threshold_ratio,,0.0,0.0,0.0,0.0
throttle_multiplier_when_stressed,,0.0,0.0,0.0,0.0
vesting_extension_factor,,0.0,0.0,0.0,0.0
amm_initial_z1u,,3175872.0060587246,0.0,0.14160982313029014,1629519.4522678507
amm_initial_usd,,0.0,0.0,0.10018043013168818,1437156.9563106764
amm_fee_rate,,79.37103972025216,0.0,0.0009090717136639309,13041.388052102411
campaign_fee_percentage,,1753985.5011669844,9997.57135693564,0.022464979684885825,424258.9085729716
campaign_burn_share,,500076.4192343112,9996.570286985521,0.0011577161179063267,66852.09127053595
campaign_deposit_per_epoch,,8503281.47653521,0.0,0.009811132624454544,683135.7237306111
treasury_buyback_ratio,,11389.689203739166,0.0,0.0009853475010860313,14140.941895495867
cip_budget_per_epoch,,499947.4621533379,9996.507924420155,0.01170637007605102,218089.03512868565
vrp_budget_per_epoch,,500051.59883421846,0.0,0.004645753455555637,117110.25071614399
cip_replenishment_per_epoch,,0.0,0.0,0.0,0.0
operational_cost_per_epoch,,54.089528949931264,0.0,0.0014514802721793396,21546.020122320624
rwa_yield_per_epoch,,500015.8575496655,9996.554577503688,0.0008461835673590767,51416.378045598045
governance_max_budget_shift_rate,,0.0,0.0,0.0,0.0
staking_lock_epochs,,0.0,0.0,0.0,0.0
staking_rate_by_cohort,passive_viewers,0.0,0.0,0.0,0.0
staking_rate_by_cohort,active_viewers,0.0,0.0,0.0,0.0
staking_rate_by_cohort,power_users,0.0,0.0,0.0,0.0
staking_rate_by_cohort,adversarial_whales,0.0,0.0,0.0,0.0
governance_staking_tier_shares,3_epoch,0.0,0.0,0.0,0.0
governance_staking_tier_shares,6_epoch,0.0,0.0,0.0,0.0
governance_staking_tier_shares,12_epoch,0.0,0.0,0.0,0.0
governance_acr_requirement,,0.0,0.0,0.0,0.0
panic_price_drop_threshold,,0.0,0.0,0.0,0.0
panic_settlement_multiplier,,0.0,0.0,0.0,0.0
provider_recirculation_rate,,61.22561399079859,0.0,0.0010213610845686977,14646.07480261987
composite_sr_amm_weight,,435685.96324351616,0.0,0.0021642935544098074,37303.4060392878
composite_sr_ar_weight,,76180.21640598588,0.0,0.000941746416719208,16559.355850718915
audience_reserve_initial,,1326522.2142423298,0.0,0.01158236832579751,285969.6088904494
treasury_initial,,500103.8145900499,9996.534987665602,0.0036079686122865162,102173.51902756374
scale_factor,,0.0,0.0,0.0,0.0
